IP,Port,Result,Classification,Timestamp,Details
192.168.100.39,1883,closed_or_unreachable,Unknown,2025-11-02T04:17:18.302481,N/A
192.168.100.39,8883,closed_or_unreachable,Unknown,2025-11-02T04:17:20.314039,N/A
192.168.100.30,1883,closed_or_unreachable,Unknown,2025-11-02T04:17:18.301259,N/A
192.168.100.30,8883,closed_or_unreachable,Unknown,2025-11-02T04:17:20.314178,N/A
192.168.100.6,1883,closed_or_unreachable,Unknown,2025-11-02T04:17:18.302014,N/A
192.168.100.6,8883,closed_or_unreachable,Unknown,2025-11-02T04:17:20.314216,N/A
192.168.100.25,1883,closed_or_unreachable,Unknown,2025-11-02T04:17:18.301886,N/A
192.168.100.25,8883,closed_or_unreachable,Unknown,2025-11-02T04:17:20.314356,N/A
192.168.100.17,1883,closed_or_unreachable,Unknown,2025-11-02T04:17:18.302393,N/A
192.168.100.17,8883,closed_or_unreachable,Unknown,2025-11-02T04:17:20.314384,N/A
192.168.100.2,1883,closed_or_unreachable,Unknown,2025-11-02T04:17:18.301782,N/A
192.168.100.2,8883,closed_or_unreachable,Unknown,2025-11-02T04:17:20.314552,N/A
192.168.100.20,1883,closed_or_unreachable,Unknown,2025-11-02T04:17:18.301072,N/A
192.168.100.20,8883,closed_or_unreachable,Unknown,2025-11-02T04:17:20.314582,N/A
192.168.100.33,1883,closed_or_unreachable,Unknown,2025-11-02T04:17:18.301457,N/A
192.168.100.33,8883,closed_or_unreachable,Unknown,2025-11-02T04:17:20.314665,N/A
192.168.100.3,1883,closed_or_unreachable,Unknown,2025-11-02T04:17:18.300727,N/A
192.168.100.3,8883,closed_or_unreachable,Unknown,2025-11-02T04:17:20.314700,N/A
192.168.100.53,1883,closed_or_unreachable,Unknown,2025-11-02T04:17:18.301665,N/A
192.168.100.53,8883,closed_or_unreachable,Unknown,2025-11-02T04:17:20.314792,N/A
192.168.100.19,1883,closed_or_unreachable,Unknown,2025-11-02T04:17:18.301044,N/A
192.168.100.19,8883,closed_or_unreachable,Unknown,2025-11-02T04:17:20.314903,N/A
192.168.100.38,1883,closed_or_unreachable,Unknown,2025-11-02T04:17:18.301348,N/A
192.168.100.38,8883,closed_or_unreachable,Unknown,2025-11-02T04:17:20.314988,N/A
192.168.100.9,1883,closed_or_unreachable,Unknown,2025-11-02T04:17:18.300893,N/A
192.168.100.9,8883,closed_or_unreachable,Unknown,2025-11-02T04:17:20.315020,N/A
192.168.100.23,1883,closed_or_unreachable,Unknown,2025-11-02T04:17:18.301117,N/A
192.168.100.23,8883,closed_or_unreachable,Unknown,2025-11-02T04:17:20.315117,N/A
192.168.100.15,1883,closed_or_unreachable,Unknown,2025-11-02T04:17:18.302628,N/A
192.168.100.15,8883,closed_or_unreachable,Unknown,2025-11-02T04:17:20.315269,N/A
192.168.100.34,1883,closed_or_unreachable,Unknown,2025-11-02T04:17:18.301389,N/A
192.168.100.34,8883,closed_or_unreachable,Unknown,2025-11-02T04:17:20.315293,N/A
192.168.100.13,1883,closed_or_unreachable,Unknown,2025-11-02T04:17:18.300673,N/A
192.168.100.13,8883,closed_or_unreachable,Unknown,2025-11-02T04:17:20.315360,N/A
192.168.100.46,1883,closed_or_unreachable,Unknown,2025-11-02T04:17:18.301484,N/A
192.168.100.46,8883,closed_or_unreachable,Unknown,2025-11-02T04:17:20.315458,N/A
192.168.100.1,1883,closed_or_unreachable,Unknown,2025-11-02T04:17:18.300631,N/A
192.168.100.1,8883,closed_or_unreachable,Unknown,2025-11-02T04:17:20.313983,N/A
192.168.100.18,1883,closed_or_unreachable,Unknown,2025-11-02T04:17:18.301013,N/A
192.168.100.18,8883,closed_or_unreachable,Unknown,2025-11-02T04:17:20.313939,N/A
192.168.100.44,1883,closed_or_unreachable,Unknown,2025-11-02T04:17:18.301534,N/A
192.168.100.44,8883,closed_or_unreachable,Unknown,2025-11-02T04:17:20.314082,N/A
192.168.100.51,1883,closed_or_unreachable,Unknown,2025-11-02T04:17:18.302589,N/A
192.168.100.51,8883,closed_or_unreachable,Unknown,2025-11-02T04:17:20.314110,N/A
192.168.100.29,1883,closed_or_unreachable,Unknown,2025-11-02T04:17:18.301285,N/A
192.168.100.29,8883,closed_or_unreachable,Unknown,2025-11-02T04:17:20.314322,N/A
192.168.100.12,1883,closed_or_unreachable,Unknown,2025-11-02T04:17:18.302315,N/A
192.168.100.12,8883,closed_or_unreachable,Unknown,2025-11-02T04:17:20.315896,N/A
192.168.100.48,1883,closed_or_unreachable,Unknown,2025-11-02T04:17:18.300859,N/A
192.168.100.48,8883,closed_or_unreachable,Unknown,2025-11-02T04:17:20.314524,N/A
192.168.100.32,1883,closed_or_unreachable,Unknown,2025-11-02T04:17:18.300769,N/A
192.168.100.32,8883,closed_or_unreachable,Unknown,2025-11-02T04:17:20.315865,N/A
192.168.100.26,1883,closed_or_unreachable,Unknown,2025-11-02T04:17:18.301912,N/A
192.168.100.26,8883,closed_or_unreachable,Unknown,2025-11-02T04:17:20.314485,N/A
192.168.100.21,1883,closed_or_unreachable,Unknown,2025-11-02T04:17:18.301170,N/A
192.168.100.21,8883,closed_or_unreachable,Unknown,2025-11-02T04:17:20.316131,N/A
192.168.100.27,1883,closed_or_unreachable,Unknown,2025-11-02T04:17:18.301229,N/A
192.168.100.27,8883,closed_or_unreachable,Unknown,2025-11-02T04:17:20.314929,N/A
192.168.100.37,1883,closed_or_unreachable,Unknown,2025-11-02T04:17:18.302108,N/A
192.168.100.37,8883,closed_or_unreachable,Unknown,2025-11-02T04:17:20.314824,N/A
192.168.100.31,1883,closed_or_unreachable,Unknown,2025-11-02T04:17:18.301196,N/A
192.168.100.31,8883,closed_or_unreachable,Unknown,2025-11-02T04:17:20.316336,N/A
192.168.100.43,1883,closed_or_unreachable,Unknown,2025-11-02T04:17:18.301433,N/A
192.168.100.43,8883,closed_or_unreachable,Unknown,2025-11-02T04:17:20.315200,N/A
192.168.100.36,1883,closed_or_unreachable,Unknown,2025-11-02T04:17:18.302081,N/A
192.168.100.36,8883,closed_or_unreachable,Unknown,2025-11-02T04:17:20.316366,N/A
192.168.100.50,1883,closed_or_unreachable,Unknown,2025-11-02T04:17:18.302858,N/A
192.168.100.50,8883,closed_or_unreachable,Unknown,2025-11-02T04:17:20.315224,N/A
192.168.100.41,1883,closed_or_unreachable,Unknown,2025-11-02T04:17:18.300787,N/A
192.168.100.41,8883,closed_or_unreachable,Unknown,2025-11-02T04:17:20.316468,N/A
192.168.100.24,1883,closed_or_unreachable,Unknown,2025-11-02T04:17:18.302765,N/A
192.168.100.24,8883,closed_or_unreachable,Unknown,2025-11-02T04:17:20.316526,N/A
192.168.100.5,1883,closed_or_unreachable,Unknown,2025-11-02T04:17:18.300832,N/A
192.168.100.5,8883,closed_or_unreachable,Unknown,2025-11-02T04:17:20.315554,N/A
192.168.100.47,1883,closed_or_unreachable,Unknown,2025-11-02T04:17:18.301509,N/A
192.168.100.47,8883,closed_or_unreachable,Unknown,2025-11-02T04:17:20.315594,N/A
192.168.100.28,1883,closed_or_unreachable,Unknown,2025-11-02T04:17:18.301323,N/A
192.168.100.28,8883,closed_or_unreachable,Unknown,2025-11-02T04:17:20.315623,N/A
192.168.100.16,1883,closed_or_unreachable,Unknown,2025-11-02T04:17:18.301856,N/A
192.168.100.16,8883,closed_or_unreachable,Unknown,2025-11-02T04:17:20.315653,N/A
192.168.100.11,1883,closed_or_unreachable,Unknown,2025-11-02T04:17:18.300933,N/A
192.168.100.11,8883,closed_or_unreachable,Unknown,2025-11-02T04:17:20.316045,N/A
192.168.100.40,1883,closed_or_unreachable,Unknown,2025-11-02T04:17:18.302197,N/A
192.168.100.40,8883,closed_or_unreachable,Unknown,2025-11-02T04:17:20.316161,N/A
192.168.100.54,1883,closed_or_unreachable,Unknown,2025-11-02T04:17:18.301693,N/A
192.168.100.54,8883,closed_or_unreachable,Unknown,2025-11-02T04:17:20.316848,N/A
192.168.100.45,1883,closed_or_unreachable,Unknown,2025-11-02T04:17:18.302988,N/A
192.168.100.45,8883,closed_or_unreachable,Unknown,2025-11-02T04:17:20.316307,N/A
192.168.100.10,1883,closed_or_unreachable,Unknown,2025-11-02T04:17:18.300983,N/A
192.168.100.10,8883,closed_or_unreachable,Unknown,2025-11-02T04:17:20.315146,N/A
192.168.100.52,1883,closed_or_unreachable,Unknown,2025-11-02T04:17:18.301618,N/A
192.168.100.52,8883,closed_or_unreachable,Unknown,2025-11-02T04:17:20.315397,N/A
192.168.100.35,1883,closed_or_unreachable,Unknown,2025-11-02T04:17:18.300809,N/A
192.168.100.35,8883,closed_or_unreachable,Unknown,2025-11-02T04:17:20.315484,N/A
192.168.100.42,1883,closed_or_unreachable,Unknown,2025-11-02T04:17:18.303030,N/A
192.168.100.42,8883,closed_or_unreachable,Unknown,2025-11-02T04:17:20.316571,N/A
192.168.100.4,1883,closed_or_unreachable,Unknown,2025-11-02T04:17:18.302134,N/A
192.168.100.4,8883,closed_or_unreachable,Unknown,2025-11-02T04:17:20.315791,N/A
192.168.100.7,1883,closed_or_unreachable,Unknown,2025-11-02T04:17:18.301560,N/A
192.168.100.7,8883,closed_or_unreachable,Unknown,2025-11-02T04:17:20.315978,N/A
192.168.100.14,1883,closed_or_unreachable,Unknown,2025-11-02T04:17:18.301752,N/A
192.168.100.14,8883,closed_or_unreachable,Unknown,2025-11-02T04:17:20.316772,N/A
192.168.100.8,1883,closed_or_unreachable,Unknown,2025-11-02T04:17:18.301636,N/A
192.168.100.8,8883,closed_or_unreachable,Unknown,2025-11-02T04:17:20.316799,N/A
192.168.100.22,1883,closed_or_unreachable,Unknown,2025-11-02T04:17:18.301940,N/A
192.168.100.22,8883,closed_or_unreachable,Unknown,2025-11-02T04:17:20.316219,N/A
192.168.100.49,1883,closed_or_unreachable,Unknown,2025-11-02T04:17:18.301586,N/A
192.168.100.49,8883,closed_or_unreachable,Unknown,2025-11-02T04:17:20.316984,N/A
192.168.100.118,1883,closed_or_unreachable,Unknown,2025-11-02T04:17:18.317248,N/A
192.168.100.118,8883,closed_or_unreachable,Unknown,2025-11-02T04:17:20.329475,N/A
192.168.100.82,1883,closed_or_unreachable,Unknown,2025-11-02T04:17:18.316544,N/A
192.168.100.82,8883,closed_or_unreachable,Unknown,2025-11-02T04:17:20.329873,N/A
192.168.100.69,1883,closed_or_unreachable,Unknown,2025-11-02T04:17:18.319603,N/A
192.168.100.69,8883,closed_or_unreachable,Unknown,2025-11-02T04:17:20.329855,N/A
192.168.100.135,1883,closed_or_unreachable,Unknown,2025-11-02T04:17:18.319317,N/A
192.168.100.135,8883,closed_or_unreachable,Unknown,2025-11-02T04:17:20.330051,N/A
192.168.100.74,1883,closed_or_unreachable,Unknown,2025-11-02T04:17:18.316434,N/A
192.168.100.74,8883,closed_or_unreachable,Unknown,2025-11-02T04:17:20.330260,N/A
192.168.100.93,1883,closed_or_unreachable,Unknown,2025-11-02T04:17:18.317893,N/A
192.168.100.93,8883,closed_or_unreachable,Unknown,2025-11-02T04:17:20.330374,N/A
192.168.100.98,1883,closed_or_unreachable,Unknown,2025-11-02T04:17:18.316875,N/A
192.168.100.98,8883,closed_or_unreachable,Unknown,2025-11-02T04:17:20.330607,N/A
192.168.100.103,1883,closed_or_unreachable,Unknown,2025-11-02T04:17:18.317013,N/A
192.168.100.103,8883,closed_or_unreachable,Unknown,2025-11-02T04:17:20.330642,N/A
192.168.100.111,1883,closed_or_unreachable,Unknown,2025-11-02T04:17:18.318946,N/A
192.168.100.111,8883,closed_or_unreachable,Unknown,2025-11-02T04:17:20.330806,N/A
192.168.100.63,1883,closed_or_unreachable,Unknown,2025-11-02T04:17:18.317863,N/A
192.168.100.63,8883,closed_or_unreachable,Unknown,2025-11-02T04:17:20.329618,N/A
192.168.100.112,1883,closed_or_unreachable,Unknown,2025-11-02T04:17:18.316256,N/A
192.168.100.112,8883,closed_or_unreachable,Unknown,2025-11-02T04:17:20.329691,N/A
192.168.100.124,1883,closed_or_unreachable,Unknown,2025-11-02T04:17:18.319011,N/A
192.168.100.124,8883,closed_or_unreachable,Unknown,2025-11-02T04:17:20.329574,N/A
192.168.100.94,1883,closed_or_unreachable,Unknown,2025-11-02T04:17:18.316129,N/A
192.168.100.94,8883,closed_or_unreachable,Unknown,2025-11-02T04:17:20.329533,N/A
192.168.100.113,1883,closed_or_unreachable,Unknown,2025-11-02T04:17:18.317224,N/A
192.168.100.113,8883,closed_or_unreachable,Unknown,2025-11-02T04:17:20.331186,N/A
192.168.100.125,1883,closed_or_unreachable,Unknown,2025-11-02T04:17:18.317425,N/A
192.168.100.125,8883,closed_or_unreachable,Unknown,2025-11-02T04:17:20.331272,N/A
192.168.100.119,1883,closed_or_unreachable,Unknown,2025-11-02T04:17:18.318214,N/A
192.168.100.119,8883,closed_or_unreachable,Unknown,2025-11-02T04:17:20.331548,N/A
192.168.100.68,1883,closed_or_unreachable,Unknown,2025-11-02T04:17:18.317136,N/A
192.168.100.68,8883,closed_or_unreachable,Unknown,2025-11-02T04:17:20.331573,N/A
192.168.100.104,1883,closed_or_unreachable,Unknown,2025-11-02T04:17:18.318823,N/A
192.168.100.104,8883,closed_or_unreachable,Unknown,2025-11-02T04:17:20.331676,N/A
192.168.100.100,1883,closed_or_unreachable,Unknown,2025-11-02T04:17:18.316933,N/A
192.168.100.100,8883,closed_or_unreachable,Unknown,2025-11-02T04:17:20.331739,N/A
192.168.100.123,1883,closed_or_unreachable,Unknown,2025-11-02T04:17:18.318325,N/A
192.168.100.123,8883,closed_or_unreachable,Unknown,2025-11-02T04:17:20.331822,N/A
192.168.100.92,1883,closed_or_unreachable,Unknown,2025-11-02T04:17:18.316766,N/A
192.168.100.92,8883,closed_or_unreachable,Unknown,2025-11-02T04:17:20.331861,N/A
192.168.100.129,1883,closed_or_unreachable,Unknown,2025-11-02T04:17:18.317479,N/A
192.168.100.129,8883,closed_or_unreachable,Unknown,2025-11-02T04:17:20.332287,N/A
192.168.100.77,1883,closed_or_unreachable,Unknown,2025-11-02T04:17:18.316510,N/A
192.168.100.77,8883,closed_or_unreachable,Unknown,2025-11-02T04:17:20.330106,N/A
192.168.100.122,1883,closed_or_unreachable,Unknown,2025-11-02T04:17:18.317378,N/A
192.168.100.122,8883,closed_or_unreachable,Unknown,2025-11-02T04:17:20.332321,N/A
192.168.100.115,1883,closed_or_unreachable,Unknown,2025-11-02T04:17:18.318165,N/A
192.168.100.115,8883,closed_or_unreachable,Unknown,2025-11-02T04:17:20.329644,N/A
192.168.100.127,1883,closed_or_unreachable,Unknown,2025-11-02T04:17:18.316290,N/A
192.168.100.127,8883,closed_or_unreachable,Unknown,2025-11-02T04:17:20.332492,N/A
192.168.100.96,1883,closed_or_unreachable,Unknown,2025-11-02T04:17:18.316833,N/A
192.168.100.96,8883,closed_or_unreachable,Unknown,2025-11-02T04:17:20.332616,N/A
192.168.100.73,1883,closed_or_unreachable,Unknown,2025-11-02T04:17:18.316365,N/A
192.168.100.73,8883,closed_or_unreachable,Unknown,2025-11-02T04:17:20.332809,N/A
192.168.100.97,1883,closed_or_unreachable,Unknown,2025-11-02T04:17:18.319794,N/A
192.168.100.97,8883,closed_or_unreachable,Unknown,2025-11-02T04:17:20.332925,N/A
192.168.100.133,1883,closed_or_unreachable,Unknown,2025-11-02T04:17:18.317507,N/A
192.168.100.133,8883,closed_or_unreachable,Unknown,2025-11-02T04:17:20.332958,N/A
192.168.100.132,1883,closed_or_unreachable,Unknown,2025-11-02T04:17:18.317527,N/A
192.168.100.132,8883,closed_or_unreachable,Unknown,2025-11-02T04:17:20.330227,N/A
192.168.100.87,1883,closed_or_unreachable,Unknown,2025-11-02T04:17:18.316667,N/A
192.168.100.87,8883,closed_or_unreachable,Unknown,2025-11-02T04:17:20.330294,N/A
192.168.100.58,1883,closed_or_unreachable,Unknown,2025-11-02T04:17:18.315978,N/A
192.168.100.58,8883,closed_or_unreachable,Unknown,2025-11-02T04:17:20.333138,N/A
192.168.100.101,1883,closed_or_unreachable,Unknown,2025-11-02T04:17:18.316906,N/A
192.168.100.101,8883,closed_or_unreachable,Unknown,2025-11-02T04:17:20.330487,N/A
192.168.100.120,1883,closed_or_unreachable,Unknown,2025-11-02T04:17:18.317302,N/A
192.168.100.120,8883,closed_or_unreachable,Unknown,2025-11-02T04:17:20.330894,N/A
192.168.100.71,1883,closed_or_unreachable,Unknown,2025-11-02T04:17:18.317588,N/A
192.168.100.71,8883,closed_or_unreachable,Unknown,2025-11-02T04:17:20.331073,N/A
192.168.100.89,1883,closed_or_unreachable,Unknown,2025-11-02T04:17:18.316113,N/A
192.168.100.89,8883,closed_or_unreachable,Unknown,2025-11-02T04:17:20.331151,N/A
192.168.100.116,1883,closed_or_unreachable,Unknown,2025-11-02T04:17:18.317273,N/A
192.168.100.116,8883,closed_or_unreachable,Unknown,2025-11-02T04:17:20.329599,N/A
192.168.100.64,1883,closed_or_unreachable,Unknown,2025-11-02T04:17:18.317990,N/A
192.168.100.64,8883,closed_or_unreachable,Unknown,2025-11-02T04:17:20.331241,N/A
192.168.100.65,1883,closed_or_unreachable,Unknown,2025-11-02T04:17:18.316983,N/A
192.168.100.65,8883,closed_or_unreachable,Unknown,2025-11-02T04:17:20.331434,N/A
192.168.100.117,1883,closed_or_unreachable,Unknown,2025-11-02T04:17:18.317351,N/A
192.168.100.117,8883,closed_or_unreachable,Unknown,2025-11-02T04:17:20.331469,N/A
192.168.100.95,1883,closed_or_unreachable,Unknown,2025-11-02T04:17:18.316795,N/A
192.168.100.95,8883,closed_or_unreachable,Unknown,2025-11-02T04:17:20.333893,N/A
192.168.100.83,1883,closed_or_unreachable,Unknown,2025-11-02T04:17:18.317705,N/A
192.168.100.83,8883,closed_or_unreachable,Unknown,2025-11-02T04:17:20.333924,N/A
192.168.100.99,1883,closed_or_unreachable,Unknown,2025-11-02T04:17:18.318016,N/A
192.168.100.99,8883,closed_or_unreachable,Unknown,2025-11-02T04:17:20.331918,N/A
192.168.100.107,1883,closed_or_unreachable,Unknown,2025-11-02T04:17:18.319839,N/A
192.168.100.107,8883,closed_or_unreachable,Unknown,2025-11-02T04:17:20.331982,N/A
192.168.100.128,1883,closed_or_unreachable,Unknown,2025-11-02T04:17:18.317451,N/A
192.168.100.128,8883,closed_or_unreachable,Unknown,2025-11-02T04:17:20.332013,N/A
192.168.100.59,1883,closed_or_unreachable,Unknown,2025-11-02T04:17:18.315936,N/A
192.168.100.59,8883,closed_or_unreachable,Unknown,2025-11-02T04:17:20.332241,N/A
192.168.100.57,1883,closed_or_unreachable,Unknown,2025-11-02T04:17:18.316697,N/A
192.168.100.57,8883,closed_or_unreachable,Unknown,2025-11-02T04:17:20.332195,N/A
192.168.100.75,1883,closed_or_unreachable,Unknown,2025-11-02T04:17:18.316463,N/A
192.168.100.75,8883,closed_or_unreachable,Unknown,2025-11-02T04:17:20.330078,N/A
192.168.100.131,1883,closed_or_unreachable,Unknown,2025-11-02T04:17:18.318350,N/A
192.168.100.131,8883,closed_or_unreachable,Unknown,2025-11-02T04:17:20.334427,N/A
192.168.100.72,1883,closed_or_unreachable,Unknown,2025-11-02T04:17:18.319349,N/A
192.168.100.72,8883,closed_or_unreachable,Unknown,2025-11-02T04:17:20.332531,N/A
192.168.100.67,1883,closed_or_unreachable,Unknown,2025-11-02T04:17:18.317068,N/A
192.168.100.67,8883,closed_or_unreachable,Unknown,2025-11-02T04:17:20.332645,N/A
192.168.100.91,1883,closed_or_unreachable,Unknown,2025-11-02T04:17:18.316735,N/A
192.168.100.91,8883,closed_or_unreachable,Unknown,2025-11-02T04:17:20.332762,N/A
192.168.100.114,1883,closed_or_unreachable,Unknown,2025-11-02T04:17:18.317162,N/A
192.168.100.114,8883,closed_or_unreachable,Unknown,2025-11-02T04:17:20.334579,N/A
192.168.100.108,1883,closed_or_unreachable,Unknown,2025-11-02T04:17:18.317096,N/A
192.168.100.108,8883,closed_or_unreachable,Unknown,2025-11-02T04:17:20.332727,N/A
192.168.100.85,1883,closed_or_unreachable,Unknown,2025-11-02T04:17:18.316098,N/A
192.168.100.85,8883,closed_or_unreachable,Unknown,2025-11-02T04:17:20.332834,N/A
192.168.100.84,1883,closed_or_unreachable,Unknown,2025-11-02T04:17:18.316572,N/A
192.168.100.84,8883,closed_or_unreachable,Unknown,2025-11-02T04:17:20.332897,N/A
192.168.100.90,1883,closed_or_unreachable,Unknown,2025-11-02T04:17:18.318663,N/A
192.168.100.90,8883,closed_or_unreachable,Unknown,2025-11-02T04:17:20.333015,N/A
192.168.100.66,1883,closed_or_unreachable,Unknown,2025-11-02T04:17:18.315999,N/A
192.168.100.66,8883,closed_or_unreachable,Unknown,2025-11-02T04:17:20.333071,N/A
192.168.100.78,1883,closed_or_unreachable,Unknown,2025-11-02T04:17:18.318553,N/A
192.168.100.78,8883,closed_or_unreachable,Unknown,2025-11-02T04:17:20.333306,N/A
192.168.100.121,1883,closed_or_unreachable,Unknown,2025-11-02T04:17:18.316274,N/A
192.168.100.121,8883,closed_or_unreachable,Unknown,2025-11-02T04:17:20.333338,N/A
192.168.100.126,1883,closed_or_unreachable,Unknown,2025-11-02T04:17:18.317401,N/A
192.168.100.126,8883,closed_or_unreachable,Unknown,2025-11-02T04:17:20.333389,N/A
192.168.100.86,1883,closed_or_unreachable,Unknown,2025-11-02T04:17:18.317799,N/A
192.168.100.86,8883,closed_or_unreachable,Unknown,2025-11-02T04:17:20.333625,N/A
192.168.100.136,1883,closed_or_unreachable,Unknown,2025-11-02T04:17:18.317560,N/A
192.168.100.136,8883,closed_or_unreachable,Unknown,2025-11-02T04:17:20.333797,N/A
192.168.100.110,1883,closed_or_unreachable,Unknown,2025-11-02T04:17:18.318883,N/A
192.168.100.110,8883,closed_or_unreachable,Unknown,2025-11-02T04:17:20.329895,N/A
192.168.100.134,1883,closed_or_unreachable,Unknown,2025-11-02T04:17:18.318479,N/A
192.168.100.134,8883,closed_or_unreachable,Unknown,2025-11-02T04:17:20.335469,N/A
192.168.100.61,1883,closed_or_unreachable,Unknown,2025-11-02T04:17:18.316599,N/A
192.168.100.61,8883,closed_or_unreachable,Unknown,2025-11-02T04:17:20.334887,N/A
192.168.100.79,1883,closed_or_unreachable,Unknown,2025-11-02T04:17:18.316082,N/A
192.168.100.79,8883,closed_or_unreachable,Unknown,2025-11-02T04:17:20.335671,N/A
192.168.100.56,1883,closed_or_unreachable,Unknown,2025-11-02T04:17:18.315907,N/A
192.168.100.56,8883,closed_or_unreachable,Unknown,2025-11-02T04:17:20.334851,N/A
192.168.100.102,1883,closed_or_unreachable,Unknown,2025-11-02T04:17:18.316166,N/A
192.168.100.102,8883,closed_or_unreachable,Unknown,2025-11-02T04:17:20.335010,N/A
192.168.100.80,1883,closed_or_unreachable,Unknown,2025-11-02T04:17:18.317730,N/A
192.168.100.80,8883,closed_or_unreachable,Unknown,2025-11-02T04:17:20.334003,N/A
192.168.100.155,1883,closed_or_unreachable,Unknown,2025-11-02T04:17:18.331652,N/A
192.168.100.155,8883,closed_or_unreachable,Unknown,2025-11-02T04:17:20.344999,N/A
192.168.100.55,1883,closed_or_unreachable,Unknown,2025-11-02T04:17:18.317198,N/A
192.168.100.55,8883,closed_or_unreachable,Unknown,2025-11-02T04:17:20.330749,N/A
192.168.100.76,1883,closed_or_unreachable,Unknown,2025-11-02T04:17:18.317672,N/A
192.168.100.76,8883,closed_or_unreachable,Unknown,2025-11-02T04:17:20.331327,N/A
192.168.100.130,1883,closed_or_unreachable,Unknown,2025-11-02T04:17:18.318439,N/A
192.168.100.130,8883,closed_or_unreachable,Unknown,2025-11-02T04:17:20.331500,N/A
192.168.100.106,1883,closed_or_unreachable,Unknown,2025-11-02T04:17:18.317038,N/A
192.168.100.106,8883,closed_or_unreachable,Unknown,2025-11-02T04:17:20.332050,N/A
192.168.100.81,1883,closed_or_unreachable,Unknown,2025-11-02T04:17:18.316631,N/A
192.168.100.81,8883,closed_or_unreachable,Unknown,2025-11-02T04:17:20.332136,N/A
192.168.100.184,1883,closed_or_unreachable,Unknown,2025-11-02T04:17:18.332256,N/A
192.168.100.184,8883,closed_or_unreachable,Unknown,2025-11-02T04:17:20.345677,N/A
192.168.100.167,1883,closed_or_unreachable,Unknown,2025-11-02T04:17:18.331820,N/A
192.168.100.167,8883,closed_or_unreachable,Unknown,2025-11-02T04:17:20.345711,N/A
192.168.100.196,1883,closed_or_unreachable,Unknown,2025-11-02T04:17:18.332433,N/A
192.168.100.196,8883,closed_or_unreachable,Unknown,2025-11-02T04:17:20.345873,N/A
192.168.100.159,1883,closed_or_unreachable,Unknown,2025-11-02T04:17:18.332775,N/A
192.168.100.159,8883,closed_or_unreachable,Unknown,2025-11-02T04:17:20.345988,N/A
192.168.100.146,1883,closed_or_unreachable,Unknown,2025-11-02T04:17:18.332187,N/A
192.168.100.146,8883,closed_or_unreachable,Unknown,2025-11-02T04:17:20.346279,N/A
192.168.100.203,1883,closed_or_unreachable,Unknown,2025-11-02T04:17:18.334172,N/A
192.168.100.203,8883,closed_or_unreachable,Unknown,2025-11-02T04:17:20.345096,N/A
192.168.100.151,1883,closed_or_unreachable,Unknown,2025-11-02T04:17:18.331422,N/A
192.168.100.151,8883,closed_or_unreachable,Unknown,2025-11-02T04:17:20.346532,N/A
192.168.100.149,1883,closed_or_unreachable,Unknown,2025-11-02T04:17:18.332548,N/A
192.168.100.149,8883,closed_or_unreachable,Unknown,2025-11-02T04:17:20.345114,N/A
192.168.100.193,1883,closed_or_unreachable,Unknown,2025-11-02T04:17:18.333189,N/A
192.168.100.193,8883,closed_or_unreachable,Unknown,2025-11-02T04:17:20.346691,N/A
192.168.100.147,1883,closed_or_unreachable,Unknown,2025-11-02T04:17:18.334257,N/A
192.168.100.147,8883,closed_or_unreachable,Unknown,2025-11-02T04:17:20.346866,N/A
192.168.100.139,1883,closed_or_unreachable,Unknown,2025-11-02T04:17:18.331767,N/A
192.168.100.139,8883,closed_or_unreachable,Unknown,2025-11-02T04:17:20.345033,N/A
192.168.100.209,1883,closed_or_unreachable,Unknown,2025-11-02T04:17:18.332636,N/A
192.168.100.209,8883,closed_or_unreachable,Unknown,2025-11-02T04:17:20.347137,N/A
192.168.100.183,1883,closed_or_unreachable,Unknown,2025-11-02T04:17:18.333624,N/A
192.168.100.183,8883,closed_or_unreachable,Unknown,2025-11-02T04:17:20.347161,N/A
192.168.100.137,1883,closed_or_unreachable,Unknown,2025-11-02T04:17:18.316334,N/A
192.168.100.137,8883,closed_or_unreachable,Unknown,2025-11-02T04:17:20.330346,N/A
192.168.100.190,1883,closed_or_unreachable,Unknown,2025-11-02T04:17:18.333095,N/A
192.168.100.190,8883,closed_or_unreachable,Unknown,2025-11-02T04:17:20.345154,N/A
192.168.100.153,1883,closed_or_unreachable,Unknown,2025-11-02T04:17:18.331499,N/A
192.168.100.153,8883,closed_or_unreachable,Unknown,2025-11-02T04:17:20.347384,N/A
192.168.100.186,1883,closed_or_unreachable,Unknown,2025-11-02T04:17:18.332274,N/A
192.168.100.186,8883,closed_or_unreachable,Unknown,2025-11-02T04:17:20.347474,N/A
192.168.100.88,1883,closed_or_unreachable,Unknown,2025-11-02T04:17:18.318624,N/A
192.168.100.88,8883,closed_or_unreachable,Unknown,2025-11-02T04:17:20.330408,N/A
192.168.100.138,1883,closed_or_unreachable,Unknown,2025-11-02T04:17:18.331049,N/A
192.168.100.138,8883,closed_or_unreachable,Unknown,2025-11-02T04:17:20.347543,N/A
192.168.100.185,1883,closed_or_unreachable,Unknown,2025-11-02T04:17:18.334413,N/A
192.168.100.185,8883,closed_or_unreachable,Unknown,2025-11-02T04:17:20.347827,N/A
192.168.100.164,1883,closed_or_unreachable,Unknown,2025-11-02T04:17:18.333927,N/A
192.168.100.164,8883,closed_or_unreachable,Unknown,2025-11-02T04:17:20.347938,N/A
192.168.100.162,1883,closed_or_unreachable,Unknown,2025-11-02T04:17:18.331791,N/A
192.168.100.162,8883,closed_or_unreachable,Unknown,2025-11-02T04:17:20.345238,N/A
192.168.100.109,1883,closed_or_unreachable,Unknown,2025-11-02T04:17:18.318102,N/A
192.168.100.109,8883,closed_or_unreachable,Unknown,2025-11-02T04:17:20.330525,N/A
192.168.100.60,1883,closed_or_unreachable,Unknown,2025-11-02T04:17:18.318253,N/A
192.168.100.60,8883,closed_or_unreachable,Unknown,2025-11-02T04:17:20.330839,N/A
192.168.100.105,1883,closed_or_unreachable,Unknown,2025-11-02T04:17:18.316188,N/A
192.168.100.105,8883,closed_or_unreachable,Unknown,2025-11-02T04:17:20.331404,N/A
192.168.100.169,1883,closed_or_unreachable,Unknown,2025-11-02T04:17:18.331178,N/A
192.168.100.169,8883,closed_or_unreachable,Unknown,2025-11-02T04:17:20.345315,N/A
192.168.100.70,1883,closed_or_unreachable,Unknown,2025-11-02T04:17:18.318410,N/A
192.168.100.70,8883,closed_or_unreachable,Unknown,2025-11-02T04:17:20.332099,N/A
192.168.100.62,1883,closed_or_unreachable,Unknown,2025-11-02T04:17:18.316049,N/A
192.168.100.62,8883,closed_or_unreachable,Unknown,2025-11-02T04:17:20.335643,N/A
192.168.100.179,1883,closed_or_unreachable,Unknown,2025-11-02T04:17:18.331340,N/A
192.168.100.179,8883,closed_or_unreachable,Unknown,2025-11-02T04:17:20.348706,N/A
192.168.100.188,1883,closed_or_unreachable,Unknown,2025-11-02T04:17:18.332340,N/A
192.168.100.188,8883,closed_or_unreachable,Unknown,2025-11-02T04:17:20.345829,N/A
192.168.100.148,1883,closed_or_unreachable,Unknown,2025-11-02T04:17:18.331129,N/A
192.168.100.148,8883,closed_or_unreachable,Unknown,2025-11-02T04:17:20.345911,N/A
192.168.100.154,1883,closed_or_unreachable,Unknown,2025-11-02T04:17:18.331563,N/A
192.168.100.154,8883,closed_or_unreachable,Unknown,2025-11-02T04:17:20.346024,N/A
192.168.100.166,1883,closed_or_unreachable,Unknown,2025-11-02T04:17:18.331900,N/A
192.168.100.166,8883,closed_or_unreachable,Unknown,2025-11-02T04:17:20.346059,N/A
192.168.100.152,1883,closed_or_unreachable,Unknown,2025-11-02T04:17:18.331456,N/A
192.168.100.152,8883,closed_or_unreachable,Unknown,2025-11-02T04:17:20.346132,N/A
192.168.100.177,1883,closed_or_unreachable,Unknown,2025-11-02T04:17:18.332047,N/A
192.168.100.177,8883,closed_or_unreachable,Unknown,2025-11-02T04:17:20.346162,N/A
192.168.100.178,1883,closed_or_unreachable,Unknown,2025-11-02T04:17:18.331232,N/A
192.168.100.178,8883,closed_or_unreachable,Unknown,2025-11-02T04:17:20.346194,N/A
192.168.100.163,1883,closed_or_unreachable,Unknown,2025-11-02T04:17:18.332800,N/A
192.168.100.163,8883,closed_or_unreachable,Unknown,2025-11-02T04:17:20.346250,N/A
192.168.100.158,1883,closed_or_unreachable,Unknown,2025-11-02T04:17:18.331738,N/A
192.168.100.158,8883,closed_or_unreachable,Unknown,2025-11-02T04:17:20.346310,N/A
192.168.100.175,1883,closed_or_unreachable,Unknown,2025-11-02T04:17:18.331997,N/A
192.168.100.175,8883,closed_or_unreachable,Unknown,2025-11-02T04:17:20.349425,N/A
192.168.100.182,1883,closed_or_unreachable,Unknown,2025-11-02T04:17:18.332213,N/A
192.168.100.182,8883,closed_or_unreachable,Unknown,2025-11-02T04:17:20.346392,N/A
192.168.100.208,1883,closed_or_unreachable,Unknown,2025-11-02T04:17:18.332612,N/A
192.168.100.208,8883,closed_or_unreachable,Unknown,2025-11-02T04:17:20.346469,N/A
192.168.100.181,1883,closed_or_unreachable,Unknown,2025-11-02T04:17:18.332159,N/A
192.168.100.181,8883,closed_or_unreachable,Unknown,2025-11-02T04:17:20.346365,N/A
192.168.100.206,1883,closed_or_unreachable,Unknown,2025-11-02T04:17:18.332584,N/A
192.168.100.206,8883,closed_or_unreachable,Unknown,2025-11-02T04:17:20.346564,N/A
192.168.100.194,1883,closed_or_unreachable,Unknown,2025-11-02T04:17:18.332396,N/A
192.168.100.194,8883,closed_or_unreachable,Unknown,2025-11-02T04:17:20.346717,N/A
192.168.100.202,1883,closed_or_unreachable,Unknown,2025-11-02T04:17:18.331366,N/A
192.168.100.202,8883,closed_or_unreachable,Unknown,2025-11-02T04:17:20.346656,N/A
192.168.100.189,1883,closed_or_unreachable,Unknown,2025-11-02T04:17:18.332311,N/A
192.168.100.189,8883,closed_or_unreachable,Unknown,2025-11-02T04:17:20.350074,N/A
192.168.100.143,1883,closed_or_unreachable,Unknown,2025-11-02T04:17:18.331843,N/A
192.168.100.143,8883,closed_or_unreachable,Unknown,2025-11-02T04:17:20.346921,N/A
192.168.100.199,1883,closed_or_unreachable,Unknown,2025-11-02T04:17:18.332490,N/A
192.168.100.199,8883,closed_or_unreachable,Unknown,2025-11-02T04:17:20.346978,N/A
192.168.100.201,1883,closed_or_unreachable,Unknown,2025-11-02T04:17:18.332523,N/A
192.168.100.201,8883,closed_or_unreachable,Unknown,2025-11-02T04:17:20.347012,N/A
192.168.100.211,1883,closed_or_unreachable,Unknown,2025-11-02T04:17:18.333330,N/A
192.168.100.211,8883,closed_or_unreachable,Unknown,2025-11-02T04:17:20.347085,N/A
192.168.100.144,1883,closed_or_unreachable,Unknown,2025-11-02T04:17:18.332108,N/A
192.168.100.144,8883,closed_or_unreachable,Unknown,2025-11-02T04:17:20.347355,N/A
192.168.100.173,1883,closed_or_unreachable,Unknown,2025-11-02T04:17:18.331925,N/A
192.168.100.173,8883,closed_or_unreachable,Unknown,2025-11-02T04:17:20.347416,N/A
192.168.100.145,1883,closed_or_unreachable,Unknown,2025-11-02T04:17:18.334039,N/A
192.168.100.145,8883,closed_or_unreachable,Unknown,2025-11-02T04:17:20.350962,N/A
192.168.100.210,1883,closed_or_unreachable,Unknown,2025-11-02T04:17:18.332682,N/A
192.168.100.210,8883,closed_or_unreachable,Unknown,2025-11-02T04:17:20.347702,N/A
192.168.100.168,1883,closed_or_unreachable,Unknown,2025-11-02T04:17:18.331873,N/A
192.168.100.168,8883,closed_or_unreachable,Unknown,2025-11-02T04:17:20.347735,N/A
192.168.100.156,1883,closed_or_unreachable,Unknown,2025-11-02T04:17:18.331589,N/A
192.168.100.156,8883,closed_or_unreachable,Unknown,2025-11-02T04:17:20.347861,N/A
192.168.100.195,1883,closed_or_unreachable,Unknown,2025-11-02T04:17:18.333155,N/A
192.168.100.195,8883,closed_or_unreachable,Unknown,2025-11-02T04:17:20.347797,N/A
192.168.100.205,1883,closed_or_unreachable,Unknown,2025-11-02T04:17:18.334230,N/A
192.168.100.205,8883,closed_or_unreachable,Unknown,2025-11-02T04:17:20.351327,N/A
192.168.100.157,1883,closed_or_unreachable,Unknown,2025-11-02T04:17:18.331621,N/A
192.168.100.157,8883,closed_or_unreachable,Unknown,2025-11-02T04:17:20.348027,N/A
192.168.100.170,1883,closed_or_unreachable,Unknown,2025-11-02T04:17:18.332905,N/A
192.168.100.170,8883,closed_or_unreachable,Unknown,2025-11-02T04:17:20.347967,N/A
192.168.100.180,1883,closed_or_unreachable,Unknown,2025-11-02T04:17:18.332136,N/A
192.168.100.180,8883,closed_or_unreachable,Unknown,2025-11-02T04:17:20.348126,N/A
192.168.100.174,1883,closed_or_unreachable,Unknown,2025-11-02T04:17:18.333507,N/A
192.168.100.174,8883,closed_or_unreachable,Unknown,2025-11-02T04:17:20.348167,N/A
192.168.100.191,1883,closed_or_unreachable,Unknown,2025-11-02T04:17:18.333125,N/A
192.168.100.191,8883,closed_or_unreachable,Unknown,2025-11-02T04:17:20.348264,N/A
192.168.100.160,1883,closed_or_unreachable,Unknown,2025-11-02T04:17:18.331680,N/A
192.168.100.160,8883,closed_or_unreachable,Unknown,2025-11-02T04:17:20.348334,N/A
192.168.100.192,1883,closed_or_unreachable,Unknown,2025-11-02T04:17:18.332365,N/A
192.168.100.192,8883,closed_or_unreachable,Unknown,2025-11-02T04:17:20.348460,N/A
192.168.100.171,1883,closed_or_unreachable,Unknown,2025-11-02T04:17:18.331955,N/A
192.168.100.171,8883,closed_or_unreachable,Unknown,2025-11-02T04:17:20.348550,N/A
192.168.100.150,1883,closed_or_unreachable,Unknown,2025-11-02T04:17:18.333381,N/A
192.168.100.150,8883,closed_or_unreachable,Unknown,2025-11-02T04:17:20.345613,N/A
192.168.100.172,1883,closed_or_unreachable,Unknown,2025-11-02T04:17:18.331213,N/A
192.168.100.172,8883,closed_or_unreachable,Unknown,2025-11-02T04:17:20.348835,N/A
192.168.100.207,1883,closed_or_unreachable,Unknown,2025-11-02T04:17:18.331386,N/A
192.168.100.207,8883,closed_or_unreachable,Unknown,2025-11-02T04:17:20.348950,N/A
192.168.100.198,1883,closed_or_unreachable,Unknown,2025-11-02T04:17:18.332461,N/A
192.168.100.198,8883,closed_or_unreachable,Unknown,2025-11-02T04:17:20.348871,N/A
192.168.100.165,1883,closed_or_unreachable,Unknown,2025-11-02T04:17:18.331160,N/A
192.168.100.165,8883,closed_or_unreachable,Unknown,2025-11-02T04:17:20.349112,N/A
192.168.100.141,1883,closed_or_unreachable,Unknown,2025-11-02T04:17:18.331528,N/A
192.168.100.141,8883,closed_or_unreachable,Unknown,2025-11-02T04:17:20.346828,N/A
192.168.100.176,1883,closed_or_unreachable,Unknown,2025-11-02T04:17:18.332074,N/A
192.168.100.176,8883,closed_or_unreachable,Unknown,2025-11-02T04:17:20.350240,N/A
192.168.100.187,1883,closed_or_unreachable,Unknown,2025-11-02T04:17:18.333068,N/A
192.168.100.187,8883,closed_or_unreachable,Unknown,2025-11-02T04:17:20.352241,N/A
192.168.100.161,1883,closed_or_unreachable,Unknown,2025-11-02T04:17:18.331709,N/A
192.168.100.161,8883,closed_or_unreachable,Unknown,2025-11-02T04:17:20.350712,N/A
192.168.100.200,1883,closed_or_unreachable,Unknown,2025-11-02T04:17:18.333778,N/A
192.168.100.200,8883,closed_or_unreachable,Unknown,2025-11-02T04:17:20.351144,N/A
192.168.100.142,1883,closed_or_unreachable,Unknown,2025-11-02T04:17:18.331083,N/A
192.168.100.142,8883,closed_or_unreachable,Unknown,2025-11-02T04:17:20.350580,N/A
192.168.100.197,1883,closed_or_unreachable,Unknown,2025-11-02T04:17:18.334688,N/A
192.168.100.197,8883,closed_or_unreachable,Unknown,2025-11-02T04:17:20.352537,N/A
192.168.100.204,1883,closed_or_unreachable,Unknown,2025-11-02T04:17:18.333257,N/A
192.168.100.204,8883,closed_or_unreachable,Unknown,2025-11-02T04:17:20.352441,N/A
192.168.100.249,1883,closed_or_unreachable,Unknown,2025-11-02T04:17:18.347788,N/A
192.168.100.249,8883,closed_or_unreachable,Unknown,2025-11-02T04:17:20.361141,N/A
192.168.100.232,1883,closed_or_unreachable,Unknown,2025-11-02T04:17:18.347471,N/A
192.168.100.232,8883,closed_or_unreachable,Unknown,2025-11-02T04:17:20.361174,N/A
192.168.100.233,1883,closed_or_unreachable,Unknown,2025-11-02T04:17:18.347500,N/A
192.168.100.233,8883,closed_or_unreachable,Unknown,2025-11-02T04:17:20.361334,N/A
192.168.100.248,1883,closed_or_unreachable,Unknown,2025-11-02T04:17:18.348566,N/A
192.168.100.248,8883,closed_or_unreachable,Unknown,2025-11-02T04:17:20.361501,N/A
192.168.100.216,1883,closed_or_unreachable,Unknown,2025-11-02T04:17:18.348252,N/A
192.168.100.216,8883,closed_or_unreachable,Unknown,2025-11-02T04:17:20.361626,N/A
192.168.100.227,1883,closed_or_unreachable,Unknown,2025-11-02T04:17:18.348426,N/A
192.168.100.227,8883,closed_or_unreachable,Unknown,2025-11-02T04:17:20.361855,N/A
192.168.100.230,1883,closed_or_unreachable,Unknown,2025-11-02T04:17:18.347437,N/A
192.168.100.230,8883,closed_or_unreachable,Unknown,2025-11-02T04:17:20.360788,N/A
192.168.100.250,1883,closed_or_unreachable,Unknown,2025-11-02T04:17:18.348598,N/A
192.168.100.250,8883,closed_or_unreachable,Unknown,2025-11-02T04:17:20.360815,N/A
192.168.100.226,1883,closed_or_unreachable,Unknown,2025-11-02T04:17:18.347389,N/A
192.168.100.226,8883,closed_or_unreachable,Unknown,2025-11-02T04:17:20.360835,N/A
192.168.100.243,1883,closed_or_unreachable,Unknown,2025-11-02T04:17:18.347675,N/A
192.168.100.243,8883,closed_or_unreachable,Unknown,2025-11-02T04:17:20.362038,N/A
192.168.100.229,1883,closed_or_unreachable,Unknown,2025-11-02T04:17:18.347947,N/A
192.168.100.229,8883,closed_or_unreachable,Unknown,2025-11-02T04:17:20.360746,N/A
192.168.100.220,1883,closed_or_unreachable,Unknown,2025-11-02T04:17:18.348299,N/A
192.168.100.220,8883,closed_or_unreachable,Unknown,2025-11-02T04:17:20.360887,N/A
192.168.100.253,1883,closed_or_unreachable,Unknown,2025-11-02T04:17:18.347132,N/A
192.168.100.253,8883,closed_or_unreachable,Unknown,2025-11-02T04:17:20.360904,N/A
192.168.100.213,1883,closed_or_unreachable,Unknown,2025-11-02T04:17:18.348356,N/A
192.168.100.213,8883,closed_or_unreachable,Unknown,2025-11-02T04:17:20.362214,N/A
192.168.100.235,1883,closed_or_unreachable,Unknown,2025-11-02T04:17:18.347548,N/A
192.168.100.235,8883,closed_or_unreachable,Unknown,2025-11-02T04:17:20.360947,N/A
192.168.100.223,1883,closed_or_unreachable,Unknown,2025-11-02T04:17:18.347040,N/A
192.168.100.223,8883,closed_or_unreachable,Unknown,2025-11-02T04:17:20.360922,N/A
192.168.100.215,1883,closed_or_unreachable,Unknown,2025-11-02T04:17:18.347759,N/A
192.168.100.215,8883,closed_or_unreachable,Unknown,2025-11-02T04:17:20.360978,N/A
192.168.100.231,1883,closed_or_unreachable,Unknown,2025-11-02T04:17:18.347982,N/A
192.168.100.231,8883,closed_or_unreachable,Unknown,2025-11-02T04:17:20.362650,N/A
192.168.100.225,1883,closed_or_unreachable,Unknown,2025-11-02T04:17:18.347275,N/A
192.168.100.225,8883,closed_or_unreachable,Unknown,2025-11-02T04:17:20.362686,N/A
192.168.100.212,1883,closed_or_unreachable,Unknown,2025-11-02T04:17:18.346908,N/A
192.168.100.212,8883,closed_or_unreachable,Unknown,2025-11-02T04:17:20.361304,N/A
192.168.100.247,1883,closed_or_unreachable,Unknown,2025-11-02T04:17:18.347730,N/A
192.168.100.247,8883,closed_or_unreachable,Unknown,2025-11-02T04:17:20.361372,N/A
192.168.100.246,1883,closed_or_unreachable,Unknown,2025-11-02T04:17:18.347085,N/A
192.168.100.246,8883,closed_or_unreachable,Unknown,2025-11-02T04:17:20.362805,N/A
192.168.100.234,1883,closed_or_unreachable,Unknown,2025-11-02T04:17:18.348017,N/A
192.168.100.234,8883,closed_or_unreachable,Unknown,2025-11-02T04:17:20.361527,N/A
192.168.100.239,1883,closed_or_unreachable,Unknown,2025-11-02T04:17:18.348764,N/A
192.168.100.239,8883,closed_or_unreachable,Unknown,2025-11-02T04:17:20.361653,N/A
192.168.100.245,1883,closed_or_unreachable,Unknown,2025-11-02T04:17:18.348188,N/A
192.168.100.245,8883,closed_or_unreachable,Unknown,2025-11-02T04:17:20.361742,N/A
192.168.100.240,1883,closed_or_unreachable,Unknown,2025-11-02T04:17:18.348113,N/A
192.168.100.240,8883,closed_or_unreachable,Unknown,2025-11-02T04:17:20.361805,N/A
192.168.100.228,1883,closed_or_unreachable,Unknown,2025-11-02T04:17:18.347361,N/A
192.168.100.228,8883,closed_or_unreachable,Unknown,2025-11-02T04:17:20.361826,N/A
192.168.100.238,1883,closed_or_unreachable,Unknown,2025-11-02T04:17:18.348080,N/A
192.168.100.238,8883,closed_or_unreachable,Unknown,2025-11-02T04:17:20.361714,N/A
192.168.100.222,1883,closed_or_unreachable,Unknown,2025-11-02T04:17:18.347243,N/A
192.168.100.222,8883,closed_or_unreachable,Unknown,2025-11-02T04:17:20.361884,N/A
192.168.100.254,1883,closed_or_unreachable,Unknown,2025-11-02T04:17:18.347826,N/A
192.168.100.254,8883,closed_or_unreachable,Unknown,2025-11-02T04:17:20.362172,N/A
192.168.100.221,1883,closed_or_unreachable,Unknown,2025-11-02T04:17:18.346948,N/A
192.168.100.221,8883,closed_or_unreachable,Unknown,2025-11-02T04:17:20.360869,N/A
192.168.100.242,1883,closed_or_unreachable,Unknown,2025-11-02T04:17:18.348159,N/A
192.168.100.242,8883,closed_or_unreachable,Unknown,2025-11-02T04:17:20.362426,N/A
192.168.100.217,1883,closed_or_unreachable,Unknown,2025-11-02T04:17:18.348456,N/A
192.168.100.217,8883,closed_or_unreachable,Unknown,2025-11-02T04:17:20.362457,N/A
192.168.100.218,1883,closed_or_unreachable,Unknown,2025-11-02T04:17:18.348333,N/A
192.168.100.218,8883,closed_or_unreachable,Unknown,2025-11-02T04:17:20.362529,N/A
192.168.100.241,1883,closed_or_unreachable,Unknown,2025-11-02T04:17:18.347649,N/A
192.168.100.241,8883,closed_or_unreachable,Unknown,2025-11-02T04:17:20.362487,N/A
192.168.100.236,1883,closed_or_unreachable,Unknown,2025-11-02T04:17:18.347579,N/A
192.168.100.236,8883,closed_or_unreachable,Unknown,2025-11-02T04:17:20.362559,N/A
192.168.100.237,1883,closed_or_unreachable,Unknown,2025-11-02T04:17:18.347621,N/A
192.168.100.237,8883,closed_or_unreachable,Unknown,2025-11-02T04:17:20.362617,N/A
192.168.100.219,1883,closed_or_unreachable,Unknown,2025-11-02T04:17:18.347187,N/A
192.168.100.219,8883,closed_or_unreachable,Unknown,2025-11-02T04:17:20.362931,N/A
192.168.100.251,1883,closed_or_unreachable,Unknown,2025-11-02T04:17:18.348277,N/A
192.168.100.251,8883,closed_or_unreachable,Unknown,2025-11-02T04:17:20.363300,N/A
192.168.100.224,1883,closed_or_unreachable,Unknown,2025-11-02T04:17:18.347304,N/A
192.168.100.224,8883,closed_or_unreachable,Unknown,2025-11-02T04:17:20.364224,N/A
192.168.100.252,1883,closed_or_unreachable,Unknown,2025-11-02T04:17:18.347112,N/A
192.168.100.252,8883,closed_or_unreachable,Unknown,2025-11-02T04:17:20.364160,N/A
192.168.100.214,1883,closed_or_unreachable,Unknown,2025-11-02T04:17:18.347339,N/A
192.168.100.214,8883,closed_or_unreachable,Unknown,2025-11-02T04:17:20.364118,N/A
192.168.100.244,1883,closed_or_unreachable,Unknown,2025-11-02T04:17:18.347702,N/A
192.168.100.244,8883,closed_or_unreachable,Unknown,2025-11-02T04:17:20.363409,N/A
192.168.100.140,1883,connected,Critical,2025-11-02T04:17:16.317617,Topics: 84
192.168.100.140,8883,connect_failed (Connection failed with code 5),Unknown,2025-11-02T04:17:22.424556,TLS: Valid
